[{"model": "auth.permission", "pk": 1, "fields": {"name": "Can add permission", "content_type": 1, "codename": "add_permission"}}, {"model": "auth.permission", "pk": 2, "fields": {"name": "Can change permission", "content_type": 1, "codename": "change_permission"}}, {"model": "auth.permission", "pk": 3, "fields": {"name": "Can delete permission", "content_type": 1, "codename": "delete_permission"}}, {"model": "auth.permission", "pk": 4, "fields": {"name": "Can view permission", "content_type": 1, "codename": "view_permission"}}, {"model": "auth.permission", "pk": 5, "fields": {"name": "Can add group", "content_type": 2, "codename": "add_group"}}, {"model": "auth.permission", "pk": 6, "fields": {"name": "Can change group", "content_type": 2, "codename": "change_group"}}, {"model": "auth.permission", "pk": 7, "fields": {"name": "Can delete group", "content_type": 2, "codename": "delete_group"}}, {"model": "auth.permission", "pk": 8, "fields": {"name": "Can view group", "content_type": 2, "codename": "view_group"}}, {"model": "auth.permission", "pk": 9, "fields": {"name": "Can add user", "content_type": 3, "codename": "add_user"}}, {"model": "auth.permission", "pk": 10, "fields": {"name": "Can change user", "content_type": 3, "codename": "change_user"}}, {"model": "auth.permission", "pk": 11, "fields": {"name": "Can delete user", "content_type": 3, "codename": "delete_user"}}, {"model": "auth.permission", "pk": 12, "fields": {"name": "Can view user", "content_type": 3, "codename": "view_user"}}, {"model": "auth.permission", "pk": 13, "fields": {"name": "Can add content type", "content_type": 4, "codename": "add_contenttype"}}, {"model": "auth.permission", "pk": 14, "fields": {"name": "Can change content type", "content_type": 4, "codename": "change_contenttype"}}, {"model": "auth.permission", "pk": 15, "fields": {"name": "Can delete content type", "content_type": 4, "codename": "delete_contenttype"}}, {"model": "auth.permission", "pk": 16, "fields": {"name": "Can view content type", "content_type": 4, "codename": "view_contenttype"}}, {"model": "auth.permission", "pk": 17, "fields": {"name": "Can add session", "content_type": 5, "codename": "add_session"}}, {"model": "auth.permission", "pk": 18, "fields": {"name": "Can change session", "content_type": 5, "codename": "change_session"}}, {"model": "auth.permission", "pk": 19, "fields": {"name": "Can delete session", "content_type": 5, "codename": "delete_session"}}, {"model": "auth.permission", "pk": 20, "fields": {"name": "Can view session", "content_type": 5, "codename": "view_session"}}, {"model": "auth.permission", "pk": 21, "fields": {"name": "Can add Token", "content_type": 6, "codename": "add_token"}}, {"model": "auth.permission", "pk": 22, "fields": {"name": "Can change Token", "content_type": 6, "codename": "change_token"}}, {"model": "auth.permission", "pk": 23, "fields": {"name": "Can delete Token", "content_type": 6, "codename": "delete_token"}}, {"model": "auth.permission", "pk": 24, "fields": {"name": "Can view Token", "content_type": 6, "codename": "view_token"}}, {"model": "auth.permission", "pk": 25, "fields": {"name": "Can add Token", "content_type": 7, "codename": "add_tokenproxy"}}, {"model": "auth.permission", "pk": 26, "fields": {"name": "Can change Token", "content_type": 7, "codename": "change_tokenproxy"}}, {"model": "auth.permission", "pk": 27, "fields": {"name": "Can delete Token", "content_type": 7, "codename": "delete_tokenproxy"}}, {"model": "auth.permission", "pk": 28, "fields": {"name": "Can view Token", "content_type": 7, "codename": "view_tokenproxy"}}, {"model": "auth.permission", "pk": 29, "fields": {"name": "Can add product", "content_type": 8, "codename": "add_product"}}, {"model": "auth.permission", "pk": 30, "fields": {"name": "Can change product", "content_type": 8, "codename": "change_product"}}, {"model": "auth.permission", "pk": 31, "fields": {"name": "Can delete product", "content_type": 8, "codename": "delete_product"}}, {"model": "auth.permission", "pk": 32, "fields": {"name": "Can view product", "content_type": 8, "codename": "view_product"}}, {"model": "auth.permission", "pk": 33, "fields": {"name": "Can add product price", "content_type": 9, "codename": "add_productprice"}}, {"model": "auth.permission", "pk": 34, "fields": {"name": "Can change product price", "content_type": 9, "codename": "change_productprice"}}, {"model": "auth.permission", "pk": 35, "fields": {"name": "Can delete product price", "content_type": 9, "codename": "delete_productprice"}}, {"model": "auth.permission", "pk": 36, "fields": {"name": "Can view product price", "content_type": 9, "codename": "view_productprice"}}, {"model": "auth.permission", "pk": 37, "fields": {"name": "Can add order", "content_type": 10, "codename": "add_order"}}, {"model": "auth.permission", "pk": 38, "fields": {"name": "Can change order", "content_type": 10, "codename": "change_order"}}, {"model": "auth.permission", "pk": 39, "fields": {"name": "Can delete order", "content_type": 10, "codename": "delete_order"}}, {"model": "auth.permission", "pk": 40, "fields": {"name": "Can view order", "content_type": 10, "codename": "view_order"}}, {"model": "auth.permission", "pk": 41, "fields": {"name": "Can add order item", "content_type": 11, "codename": "add_orderitem"}}, {"model": "auth.permission", "pk": 42, "fields": {"name": "Can change order item", "content_type": 11, "codename": "change_orderitem"}}, {"model": "auth.permission", "pk": 43, "fields": {"name": "Can delete order item", "content_type": 11, "codename": "delete_orderitem"}}, {"model": "auth.permission", "pk": 44, "fields": {"name": "Can view order item", "content_type": 11, "codename": "view_orderitem"}}, {"model": "auth.user", "pk": 1, "fields": {"password": "pbkdf2_sha256$720000$ODESn6Mq8yeUE0IvYCNaab$Pajph0R07+d+exY5NOckpoF7DkFHv+Eskb4zUxZ6bok=", "last_login": null, "is_superuser": false, "username": "carl56", "first_name": "", "last_name": "", "email": "", "is_staff": false, "is_active": true, "date_joined": "2024-04-18T19:06:44.845", "groups": [], "user_permissions": []}}, {"model": "auth.user", "pk": 2, "fields": {"password": "pbkdf2_sha256$720000$UORPWYWSDpKy5VGs4Rfids$M1o3bTNzlpQ/keeLlh4UlQDIVyTZdW+DHYuUcGyqP/I=", "last_login": null, "is_superuser": false, "username": "mrodriguez", "first_name": "", "last_name": "", "email": "", "is_staff": false, "is_active": true, "date_joined": "2024-04-18T19:07:52.950", "groups": [], "user_permissions": []}}, {"model": "auth.user", "pk": 3, "fields": {"password": "pbkdf2_sha256$720000$bDtxzkFNm07UDByqFPYJjO$O7YheaoAMqrN3hWruM6BMurKfbLTp7+rKN5lVOK2zH8=", "last_login": null, "is_superuser": false, "username": "grhodes", "first_name": "", "last_name": "", "email": "", "is_staff": false, "is_active": true, "date_joined": "2024-04-18T19:07:56.286", "groups": [], "user_permissions": []}}, {"model": "auth.user", "pk": 4, "fields": {"password": "pbkdf2_sha256$720000$D8DFYZjwJzcRpJX6wEAsAU$99sicb2+CYqlQJFKWxMLz+9lakdFB06xeyInO3ifxLU=", "last_login": null, "is_superuser": false, "username": "cooperjoyce", "first_name": "", "last_name": "", "email": "", "is_staff": false, "is_active": true, "date_joined": "2024-04-18T19:07:59.259", "groups": [], "user_permissions": []}}, {"model": "auth.user", "pk": 5, "fields": {"password": "pbkdf2_sha256$720000$iY2lMfPsEGpwoLIXsZwykb$oYXkqCpzkZRKFwuG1q5ptyLrwan++57HYEOHr+1h4Jg=", "last_login": null, "is_superuser": false, "username": "joeking", "first_name": "", "last_name": "", "email": "", "is_staff": false, "is_active": true, "date_joined": "2024-04-18T19:08:01.908", "groups": [], "user_permissions": []}}, {"model": "auth.user", "pk": 6, "fields": {"password": "pbkdf2_sha256$720000$uACBOozWqLtie9RQDKxz7X$BfYC5fU9WMZ6C25rEPJjwHfTTTsbRNgHhFE0c73SNSk=", "last_login": null, "is_superuser": false, "username": "lleach", "first_name": "", "last_name": "", "email": "", "is_staff": false, "is_active": true, "date_joined": "2024-04-18T19:08:04.278", "groups": [], "user_permissions": []}}, {"model": "auth.user", "pk": 7, "fields": {"password": "pbkdf2_sha256$720000$DIlm9eFzXranA8wDftJaFg$pFwsVnimANUDHlneAd9fFZCfIM4PfmRl2CCkuEBjZZI=", "last_login": null, "is_superuser": false, "username": "imarshall", "first_name": "", "last_name": "", "email": "", "is_staff": false, "is_active": true, "date_joined": "2024-04-18T19:08:06.889", "groups": [], "user_permissions": []}}, {"model": "auth.user", "pk": 8, "fields": {"password": "pbkdf2_sha256$720000$xgp1zDyz9VLntf01chhtpp$pwFITEawrM/q0LX0TCFFnSYCz2weTL/U86a8mNH3EtA=", "last_login": null, "is_superuser": false, "username": "megangates", "first_name": "", "last_name": "", "email": "", "is_staff": false, "is_active": true, "date_joined": "2024-04-18T19:10:28.780", "groups": [], "user_permissions": []}}, {"model": "auth.user", "pk": 9, "fields": {"password": "pbkdf2_sha256$720000$V2cFQPbpcqX3Pnayheb4RJ$ksOwUI7zCPf83yOVq4F0YTRvQ2B4SEquvrK0AkIKBxY=", "last_login": null, "is_superuser": false, "username": "zachary71", "first_name": "", "last_name": "", "email": "", "is_staff": false, "is_active": true, "date_joined": "2024-04-18T19:10:31.352", "groups": [], "user_permissions": []}}, {"model": "auth.user", "pk": 10, "fields": {"password": "pbkdf2_sha256$720000$vFG06GrWsA4SCTxMBVUnbA$a/VCXvC47afZMBfS08UjONwrkPwKnzsGoN8WHCvyFz4=", "last_login": null, "is_superuser": false, "username": "jessicabeck", "first_name": "", "last_name": "", "email": "", "is_staff": false, "is_active": true, "date_joined": "2024-04-18T19:10:33.914", "groups": [], "user_permissions": []}}, {"model": "auth.user", "pk": 11, "fields": {"password": "pbkdf2_sha256$720000$98t278YmXIUppJAv2xQZyl$kL2EOHBTaLmg5DRWcaMAUwiE5K3rhpRzCNeaWnQoOEE=", "last_login": null, "is_superuser": false, "username": "victoria37", "first_name": "", "last_name": "", "email": "", "is_staff": false, "is_active": true, "date_joined": "2024-04-18T19:10:50.595", "groups": [], "user_permissions": []}}, {"model": "contenttypes.contenttype", "pk": 1, "fields": {"app_label": "auth", "model": "permission"}}, {"model": "contenttypes.contenttype", "pk": 2, "fields": {"app_label": "auth", "model": "group"}}, {"model": "contenttypes.contenttype", "pk": 3, "fields": {"app_label": "auth", "model": "user"}}, {"model": "contenttypes.contenttype", "pk": 4, "fields": {"app_label": "contenttypes", "model": "contenttype"}}, {"model": "contenttypes.contenttype", "pk": 5, "fields": {"app_label": "sessions", "model": "session"}}, {"model": "contenttypes.contenttype", "pk": 6, "fields": {"app_label": "authtoken", "model": "token"}}, {"model": "contenttypes.contenttype", "pk": 7, "fields": {"app_label": "authtoken", "model": "tokenproxy"}}, {"model": "contenttypes.contenttype", "pk": 8, "fields": {"app_label": "products", "model": "product"}}, {"model": "contenttypes.contenttype", "pk": 9, "fields": {"app_label": "products", "model": "productprice"}}, {"model": "contenttypes.contenttype", "pk": 10, "fields": {"app_label": "orders", "model": "order"}}, {"model": "contenttypes.contenttype", "pk": 11, "fields": {"app_label": "orders", "model": "orderitem"}}, {"model": "authtoken.token", "pk": "3aa905c8b99b518e889df6fc02ec80dca142054e", "fields": {"user": 11, "created": "2024-04-18T19:12:34.709"}}, {"model": "products.product", "pk": 6, "fields": {"name": "Sarah Highways", "enabled": true, "quantity_in_stock": 6}}, {"model": "products.product", "pk": 7, "fields": {"name": "Perez Terrace", "enabled": true, "quantity_in_stock": 3}}, {"model": "products.product", "pk": 8, "fields": {"name": "Reyes Common", "enabled": true, "quantity_in_stock": 4}}, {"model": "products.product", "pk": 9, "fields": {"name": "Larry Mountain", "enabled": true, "quantity_in_stock": 4}}, {"model": "products.product", "pk": 10, "fields": {"name": "Anderson Court", "enabled": true, "quantity_in_stock": 8}}, {"model": "products.product", "pk": 11, "fields": {"name": "Evans Viaduct", "enabled": true, "quantity_in_stock": 0}}, {"model": "products.product", "pk": 12, "fields": {"name": "Mooney Rest", "enabled": true, "quantity_in_stock": 8}}, {"model": "products.product", "pk": 13, "fields": {"name": "Robert Field", "enabled": true, "quantity_in_stock": 0}}, {"model": "products.product", "pk": 14, "fields": {"name": "Samantha Meadow", "enabled": true, "quantity_in_stock": 0}}, {"model": "products.product", "pk": 15, "fields": {"name": "Lauren Forest", "enabled": true, "quantity_in_stock": 0}}, {"model": "products.product", "pk": 16, "fields": {"name": "Parker Point", "enabled": true, "quantity_in_stock": 2}}, {"model": "products.product", "pk": 17, "fields": {"name": "Short Ville", "enabled": true, "quantity_in_stock": 5}}, {"model": "products.product", "pk": 18, "fields": {"name": "Virginia Mills", "enabled": true, "quantity_in_stock": 10}}, {"model": "products.product", "pk": 19, "fields": {"name": "Jessica Underpass", "enabled": true, "quantity_in_stock": 0}}, {"model": "products.product", "pk": 20, "fields": {"name": "Foley Route", "enabled": true, "quantity_in_stock": 3}}, {"model": "products.product", "pk": 21, "fields": {"name": "Mills Spring", "enabled": true, "quantity_in_stock": 0}}, {"model": "products.product", "pk": 22, "fields": {"name": "Erik Rapid", "enabled": true, "quantity_in_stock": 2}}, {"model": "products.product", "pk": 23, "fields": {"name": "Berry Estates", "enabled": true, "quantity_in_stock": 1}}, {"model": "products.product", "pk": 24, "fields": {"name": "Kim Via", "enabled": true, "quantity_in_stock": 3}}, {"model": "products.product", "pk": 25, "fields": {"name": "Theresa Summit", "enabled": true, "quantity_in_stock": 3}}, {"model": "products.product", "pk": 26, "fields": {"name": "Miller Unions", "enabled": true, "quantity_in_stock": 10}}, {"model": "products.product", "pk": 27, "fields": {"name": "Mitchell Brooks", "enabled": true, "quantity_in_stock": 0}}, {"model": "products.product", "pk": 28, "fields": {"name": "Small Springs", "enabled": true, "quantity_in_stock": 10}}, {"model": "products.product", "pk": 29, "fields": {"name": "Erica Run", "enabled": true, "quantity_in_stock": 0}}, {"model": "products.product", "pk": 30, "fields": {"name": "Pena Alley", "enabled": true, "quantity_in_stock": 1}}, {"model": "products.product", "pk": 31, "fields": {"name": "Kelley Hollow", "enabled": true, "quantity_in_stock": 9}}, {"model": "products.product", "pk": 32, "fields": {"name": "Lee Courts", "enabled": true, "quantity_in_stock": 4}}, {"model": "products.product", "pk": 33, "fields": {"name": "Christine Islands", "enabled": true, "quantity_in_stock": 2}}, {"model": "products.product", "pk": 34, "fields": {"name": "Julie Drives", "enabled": true, "quantity_in_stock": 9}}, {"model": "products.product", "pk": 35, "fields": {"name": "John Valley", "enabled": true, "quantity_in_stock": 3}}, {"model": "products.product", "pk": 36, "fields": {"name": "Danielle Mission", "enabled": true, "quantity_in_stock": 10}}, {"model": "products.product", "pk": 37, "fields": {"name": "Nelson Port", "enabled": true, "quantity_in_stock": 4}}, {"model": "products.product", "pk": 38, "fields": {"name": "Clark Highway", "enabled": true, "quantity_in_stock": 0}}, {"model": "products.product", "pk": 39, "fields": {"name": "Sexton Tunnel", "enabled": true, "quantity_in_stock": 5}}, {"model": "products.product", "pk": 40, "fields": {"name": "Julia Drive", "enabled": true, "quantity_in_stock": 10}}, {"model": "products.product", "pk": 41, "fields": {"name": "Anthony Center", "enabled": true, "quantity_in_stock": 2}}, {"model": "products.product", "pk": 42, "fields": {"name": "Jones Squares", "enabled": true, "quantity_in_stock": 7}}, {"model": "products.product", "pk": 43, "fields": {"name": "Patrick Shoals", "enabled": true, "quantity_in_stock": 4}}, {"model": "products.product", "pk": 44, "fields": {"name": "Anderson Fork", "enabled": true, "quantity_in_stock": 0}}, {"model": "products.product", "pk": 45, "fields": {"name": "Joshua Road", "enabled": true, "quantity_in_stock": 3}}, {"model": "products.product", "pk": 46, "fields": {"name": "Christina Pass", "enabled": true, "quantity_in_stock": 6}}, {"model": "products.product", "pk": 47, "fields": {"name": "Lopez Stravenue", "enabled": true, "quantity_in_stock": 4}}, {"model": "products.productprice", "pk": 6, "fields": {"product": 6, "price": "613.72", "effective_from": "2020-01-01T00:00:00"}}, {"model": "products.productprice", "pk": 7, "fields": {"product": 7, "price": "723.96", "effective_from": "2020-01-01T00:00:00"}}, {"model": "products.productprice", "pk": 8, "fields": {"product": 8, "price": "989.80", "effective_from": "2020-01-01T00:00:00"}}, {"model": "products.productprice", "pk": 9, "fields": {"product": 9, "price": "985.53", "effective_from": "2020-01-01T00:00:00"}}, {"model": "products.productprice", "pk": 10, "fields": {"product": 10, "price": "505.28", "effective_from": "2020-01-01T00:00:00"}}, {"model": "products.productprice", "pk": 11, "fields": {"product": 11, "price": "363.38", "effective_from": "2020-01-01T00:00:00"}}, {"model": "products.productprice", "pk": 12, "fields": {"product": 12, "price": "960.16", "effective_from": "2020-01-01T00:00:00"}}, {"model": "products.productprice", "pk": 13, "fields": {"product": 13, "price": "683.10", "effective_from": "2020-01-01T00:00:00"}}, {"model": "products.productprice", "pk": 14, "fields": {"product": 14, "price": "240.39", "effective_from": "2020-01-01T00:00:00"}}, {"model": "products.productprice", "pk": 15, "fields": {"product": 15, "price": "278.41", "effective_from": "2020-01-01T00:00:00"}}, {"model": "products.productprice", "pk": 16, "fields": {"product": 16, "price": "460.78", "effective_from": "2020-01-01T00:00:00"}}, {"model": "products.productprice", "pk": 17, "fields": {"product": 17, "price": "495.72", "effective_from": "2020-01-01T00:00:00"}}, {"model": "products.productprice", "pk": 18, "fields": {"product": 18, "price": "740.43", "effective_from": "2020-01-01T00:00:00"}}, {"model": "products.productprice", "pk": 19, "fields": {"product": 19, "price": "474.24", "effective_from": "2020-01-01T00:00:00"}}, {"model": "products.productprice", "pk": 20, "fields": {"product": 20, "price": "120.89", "effective_from": "2020-01-01T00:00:00"}}, {"model": "products.productprice", "pk": 21, "fields": {"product": 21, "price": "933.53", "effective_from": "2020-01-01T00:00:00"}}, {"model": "products.productprice", "pk": 22, "fields": {"product": 22, "price": "536.18", "effective_from": "2020-01-01T00:00:00"}}, {"model": "products.productprice", "pk": 23, "fields": {"product": 23, "price": "953.80", "effective_from": "2020-01-01T00:00:00"}}, {"model": "products.productprice", "pk": 24, "fields": {"product": 24, "price": "113.42", "effective_from": "2020-01-01T00:00:00"}}, {"model": "products.productprice", "pk": 25, "fields": {"product": 25, "price": "613.76", "effective_from": "2020-01-01T00:00:00"}}, {"model": "products.productprice", "pk": 26, "fields": {"product": 26, "price": "768.98", "effective_from": "2020-01-01T00:00:00"}}, {"model": "products.productprice", "pk": 27, "fields": {"product": 27, "price": "266.21", "effective_from": "2020-01-01T00:00:00"}}, {"model": "products.productprice", "pk": 28, "fields": {"product": 28, "price": "719.77", "effective_from": "2020-01-01T00:00:00"}}, {"model": "products.productprice", "pk": 29, "fields": {"product": 29, "price": "966.41", "effective_from": "2020-01-01T00:00:00"}}, {"model": "products.productprice", "pk": 30, "fields": {"product": 30, "price": "142.77", "effective_from": "2020-01-01T00:00:00"}}, {"model": "products.productprice", "pk": 31, "fields": {"product": 31, "price": "187.89", "effective_from": "2020-01-01T00:00:00"}}, {"model": "products.productprice", "pk": 32, "fields": {"product": 32, "price": "350.51", "effective_from": "2020-01-01T00:00:00"}}, {"model": "products.productprice", "pk": 33, "fields": {"product": 33, "price": "244.35", "effective_from": "2020-01-01T00:00:00"}}, {"model": "products.productprice", "pk": 34, "fields": {"product": 34, "price": "738.17", "effective_from": "2020-01-01T00:00:00"}}, {"model": "products.productprice", "pk": 35, "fields": {"product": 35, "price": "710.02", "effective_from": "2020-01-01T00:00:00"}}, {"model": "products.productprice", "pk": 36, "fields": {"product": 36, "price": "289.43", "effective_from": "2020-01-01T00:00:00"}}, {"model": "products.productprice", "pk": 37, "fields": {"product": 37, "price": "875.92", "effective_from": "2020-01-01T00:00:00"}}, {"model": "products.productprice", "pk": 38, "fields": {"product": 38, "price": "251.12", "effective_from": "2020-01-01T00:00:00"}}, {"model": "products.productprice", "pk": 39, "fields": {"product": 39, "price": "184.70", "effective_from": "2020-01-01T00:00:00"}}, {"model": "products.productprice", "pk": 40, "fields": {"product": 40, "price": "122.17", "effective_from": "2020-01-01T00:00:00"}}, {"model": "products.productprice", "pk": 41, "fields": {"product": 41, "price": "16.26", "effective_from": "2020-01-01T00:00:00"}}, {"model": "products.productprice", "pk": 42, "fields": {"product": 42, "price": "390.11", "effective_from": "2020-01-01T00:00:00"}}, {"model": "products.productprice", "pk": 43, "fields": {"product": 43, "price": "526.55", "effective_from": "2020-01-01T00:00:00"}}, {"model": "products.productprice", "pk": 44, "fields": {"product": 44, "price": "136.67", "effective_from": "2020-01-01T00:00:00"}}, {"model": "products.productprice", "pk": 45, "fields": {"product": 45, "price": "753.91", "effective_from": "2020-01-01T00:00:00"}}, {"model": "products.productprice", "pk": 46, "fields": {"product": 46, "price": "424.72", "effective_from": "2020-01-01T00:00:00"}}, {"model": "products.productprice", "pk": 47, "fields": {"product": 47, "price": "402.93", "effective_from": "2020-01-01T00:00:00"}}, {"model": "orders.order", "pk": 1, "fields": {"user": 11, "total_price": "613.72", "created_at": "2024-04-18T19:19:39.123"}}, {"model": "orders.order", "pk": 2, "fields": {"user": 7, "total_price": "502.24", "created_at": "2024-04-18T19:58:24.195"}}, {"model": "orders.order", "pk": 3, "fields": {"user": 7, "total_price": "726.76", "created_at": "2024-04-18T19:58:32.769"}}, {"model": "orders.order", "pk": 4, "fields": {"user": 8, "total_price": "780.22", "created_at": "2024-04-18T19:58:39.582"}}, {"model": "orders.order", "pk": 5, "fields": {"user": 8, "total_price": "573.08", "created_at": "2024-04-18T19:59:24.683"}}, {"model": "orders.order", "pk": 6, "fields": {"user": 8, "total_price": "668.52", "created_at": "2024-04-18T19:59:42.039"}}, {"model": "orders.order", "pk": 7, "fields": {"user": 8, "total_price": "278.41", "created_at": "2024-04-18T19:59:51.801"}}, {"model": "orders.order", "pk": 8, "fields": {"user": 8, "total_price": "278.41", "created_at": "2024-04-18T19:59:52.528"}}, {"model": "orders.order", "pk": 9, "fields": {"user": 8, "total_price": "278.41", "created_at": "2024-04-18T19:59:53.011"}}, {"model": "orders.order", "pk": 10, "fields": {"user": 8, "total_price": "363.38", "created_at": "2024-04-18T20:00:38.028"}}, {"model": "orders.order", "pk": 11, "fields": {"user": 8, "total_price": "266.21", "created_at": "2024-04-18T20:00:51.116"}}, {"model": "orders.order", "pk": 12, "fields": {"user": 8, "total_price": "266.21", "created_at": "2024-04-18T20:00:52.004"}}, {"model": "orders.order", "pk": 13, "fields": {"user": 8, "total_price": "266.21", "created_at": "2024-04-18T20:00:52.493"}}, {"model": "orders.order", "pk": 14, "fields": {"user": 8, "total_price": "266.21", "created_at": "2024-04-18T20:00:55.073"}}, {"model": "orders.order", "pk": 15, "fields": {"user": 8, "total_price": "266.21", "created_at": "2024-04-18T20:00:56.461"}}, {"model": "orders.order", "pk": 16, "fields": {"user": 8, "total_price": "266.21", "created_at": "2024-04-18T20:00:56.956"}}, {"model": "orders.order", "pk": 17, "fields": {"user": 8, "total_price": "266.21", "created_at": "2024-04-18T20:00:58.358"}}, {"model": "orders.order", "pk": 18, "fields": {"user": 8, "total_price": "266.21", "created_at": "2024-04-18T20:01:07.133"}}, {"model": "orders.order", "pk": 19, "fields": {"user": 8, "total_price": "266.21", "created_at": "2024-04-18T20:01:23.999"}}, {"model": "orders.order", "pk": 20, "fields": {"user": 8, "total_price": "266.21", "created_at": "2024-04-18T20:01:25.030"}}, {"model": "orders.order", "pk": 21, "fields": {"user": 8, "total_price": "960.16", "created_at": "2024-04-18T20:01:45.347"}}, {"model": "orders.order", "pk": 22, "fields": {"user": 8, "total_price": "875.92", "created_at": "2024-04-18T20:01:49.219"}}, {"model": "orders.order", "pk": 23, "fields": {"user": 8, "total_price": "460.78", "created_at": "2024-04-18T20:01:52.522"}}, {"model": "orders.orderitem", "pk": 1, "fields": {"order": 1, "product": 6, "product_price": "613.72", "quantity": 1}}, {"model": "orders.orderitem", "pk": 2, "fields": {"order": 2, "product": 38, "product_price": "251.12", "quantity": 2}}, {"model": "orders.orderitem", "pk": 3, "fields": {"order": 3, "product": 11, "product_price": "363.38", "quantity": 2}}, {"model": "orders.orderitem", "pk": 4, "fields": {"order": 4, "product": 42, "product_price": "390.11", "quantity": 2}}, {"model": "orders.orderitem", "pk": 5, "fields": {"order": 5, "product": 15, "product_price": "278.41", "quantity": 2}}, {"model": "orders.orderitem", "pk": 6, "fields": {"order": 5, "product": 41, "product_price": "16.26", "quantity": 1}}, {"model": "orders.orderitem", "pk": 7, "fields": {"order": 6, "product": 15, "product_price": "278.41", "quantity": 1}}, {"model": "orders.orderitem", "pk": 8, "fields": {"order": 6, "product": 42, "product_price": "390.11", "quantity": 1}}, {"model": "orders.orderitem", "pk": 9, "fields": {"order": 7, "product": 15, "product_price": "278.41", "quantity": 1}}, {"model": "orders.orderitem", "pk": 10, "fields": {"order": 8, "product": 15, "product_price": "278.41", "quantity": 1}}, {"model": "orders.orderitem", "pk": 11, "fields": {"order": 9, "product": 15, "product_price": "278.41", "quantity": 1}}, {"model": "orders.orderitem", "pk": 12, "fields": {"order": 10, "product": 11, "product_price": "363.38", "quantity": 1}}, {"model": "orders.orderitem", "pk": 13, "fields": {"order": 11, "product": 27, "product_price": "266.21", "quantity": 1}}, {"model": "orders.orderitem", "pk": 14, "fields": {"order": 12, "product": 27, "product_price": "266.21", "quantity": 1}}, {"model": "orders.orderitem", "pk": 15, "fields": {"order": 13, "product": 27, "product_price": "266.21", "quantity": 1}}, {"model": "orders.orderitem", "pk": 16, "fields": {"order": 14, "product": 27, "product_price": "266.21", "quantity": 1}}, {"model": "orders.orderitem", "pk": 17, "fields": {"order": 15, "product": 27, "product_price": "266.21", "quantity": 1}}, {"model": "orders.orderitem", "pk": 18, "fields": {"order": 16, "product": 27, "product_price": "266.21", "quantity": 1}}, {"model": "orders.orderitem", "pk": 19, "fields": {"order": 17, "product": 27, "product_price": "266.21", "quantity": 1}}, {"model": "orders.orderitem", "pk": 20, "fields": {"order": 18, "product": 27, "product_price": "266.21", "quantity": 1}}, {"model": "orders.orderitem", "pk": 21, "fields": {"order": 19, "product": 27, "product_price": "266.21", "quantity": 1}}, {"model": "orders.orderitem", "pk": 22, "fields": {"order": 20, "product": 27, "product_price": "266.21", "quantity": 1}}, {"model": "orders.orderitem", "pk": 23, "fields": {"order": 21, "product": 12, "product_price": "960.16", "quantity": 1}}, {"model": "orders.orderitem", "pk": 24, "fields": {"order": 22, "product": 37, "product_price": "875.92", "quantity": 1}}, {"model": "orders.orderitem", "pk": 25, "fields": {"order": 23, "product": 16, "product_price": "460.78", "quantity": 1}}]